724-A,Titan I,Bennett,Lowry,Lat: 39°38'52.57""N,Long: 104°41'24.54""W
724-B,Titan I,Denver,Lowry,Lat: 39°36'16.89""N,Long: 104°34'46.64""W
724-C,Titan I,Denver,Lowry,Lat: 39°39'55.30""N,Long: 104°29'34.58""W
725-A,Titan I,Deertail,Lowry,Lat: 39°35'18.34""N,Long: 104°27'42.74""W
725-B,Titan I,Bennett,Lowry,Lat: 39°40'4.18""N,Long: 104° 1'39.28""W
725-C,Titan I,Elizabeth,Lowry,Lat: 39°18'17.24""N,Long: 104°33'50.22""W
850-A,Titan I,New Underwood,Ellsworth,Lat: 44° 8'13.72""N,Long: 102°37'3.94""W
850-B,Titan I,Hermosa,Ellsworth,Lat: 43°46'37.30""N,Long: 103° 8'48.12""W
850-C,Titan I,Sturgis,Ellsworth,Lat: 44°23'52.64""N,Long: 103°18'47.82""W
569-A,Titan I,Bruneau,Mountain Home,Lat: 42°40'13.10""N,Long: 115°52'2.96""W
569-B,Titan I,Oreana,Mountain Home,Lat: 43° 3'59.10""N,Long: 116°15'49.49""W
569-C,Titan I,Boise,Mountain Home,Lat: 43°20'43.90""N,Long: 115°59'31.06""W
568-A,Titan I,Odessa,Larson,Lat: 47°11'16.23""N,Long: 118°49'18.65""W
568-B,Titan I,Warden,Larson,Lat: 46°54'59.84""N,Long: 119° 3'15.54""W
568-C,Titan I,Quincy,Larson,Lat: 46°54'27.76""N,Long: 119°45'21.19""W
395-A,Titan I,,Vandenberg,Lat: 34°48'22.52""N,Long: 120°32'41.41""W
851-A,Titan I,Lincoln,Beale,Lat: 38°52'54.90""N,Long: 121°15'56.62""W
851-B,Titan I,Live Oak,Beale,Lat: 39°16'33.97""N,Long: 121°49'46.34""W
851-C,Titan I,Chico,Beale,Lat: 39°49'5.72""N,Long: 121°51'10.08""W
OSTF-8,Titan I,,Vandenberg,Lat: 34°48'15.47""N,Long: 120°32'46.35""W
